{
  "loss": [
    0.2613139748573303
  ],
  "dice_coef": [
    0.5835984349250793
  ],
  "precision": [
    0.5705939531326294
  ],
  "recall": [
    0.6636987924575806
  ],
  "val_loss": [
    0.5177581310272217
  ],
  "val_dice_coef": [
    2.145363442451753e-09
  ],
  "val_precision": [
    0.0
  ],
  "val_recall": [
    0.0
  ]
}